,author_id,name,top_subjects,work_count,ratings_average,ratings_sortable,ratings_count,ratings_count_1,ratings_count_2,ratings_count_3,ratings_count_4,ratings_count_5,want_to_read_count,already_read_count,currently_reading_count,readinglog_count
0,OL14732426A,J.K. Rowling,,0.0,0.0,2.047372,0.0,0.0,0.0,0.0,0.0,0.0,0.0,0.0,0.0,0.0
1,OL14534632A,J. K. J.K. Rowling,,0.0,0.0,2.047372,0.0,0.0,0.0,0.0,0.0,0.0,0.0,0.0,0.0,0.0
2,OL23919A,J. K. Rowling,"[""Children's fiction"", 'Fantasy fiction', 'Wizards, fiction', 'Fiction', 'England, fiction', 'Potter, harry (fictitious character), fiction', 'New York Times bestseller', 'Magic, fiction', 'Magic', 'Juvenile fiction']",890.0,4.2262774,4.1924043,3151.0,157.0,76.0,411.0,760.0,1747.0,34729.0,5516.0,2741.0,42986.0
3,OL738926A,Leo Tolstoy,"['Services for', 'Viol', 'Trials (Rape)', 'Services aux Victimes de viol', 'Rape victims', 'Rape', 'Procès (Viol)', 'Canada', 'Wife abuse', 'Sex Offenses']",7.0,0.0,0.0,0.0,0.0,0.0,0.0,0.0,0.0,0.0,0.0,0.0,0.0
4,OL12785803A,Leo Tolstoy,,0.0,0.0,0.0,0.0,0.0,0.0,0.0,0.0,0.0,0.0,0.0,0.0,0.0
5,OL14183059A,LEO TOLSTOY,,0.0,0.0,2.047372,0.0,0.0,0.0,0.0,0.0,0.0,0.0,0.0,0.0,0.0
6,OL14163185A,Leo Tolstoy,,0.0,0.0,2.047372,0.0,0.0,0.0,0.0,0.0,0.0,0.0,0.0,0.0,0.0
7,OL173132A,Leo Tolstoy Samuels,"['Nutritional Physiological Phenomena', 'Nutrition', 'Hormones', 'Endocrine glands', 'Endocrine Glands']",2.0,0.0,0.0,0.0,0.0,0.0,0.0,0.0,0.0,0.0,0.0,0.0,0.0
8,OL13633317A,Leo Tolstoy Staff,,2.0,0.0,0.0,0.0,0.0,0.0,0.0,0.0,0.0,0.0,0.0,0.0,0.0
9,OL14420613A,Leo Leo Tolstoy,,0.0,0.0,2.047372,0.0,0.0,0.0,0.0,0.0,0.0,0.0,0.0,0.0,0.0
10,OL14034712A,Leo Tolstoy (Graf),,0.0,0.0,2.047372,0.0,0.0,0.0,0.0,0.0,0.0,0.0,0.0,0.0,0.0
11,OL13681693A,Count Leo Tolstoy,,0.0,0.0,0.0,0.0,0.0,0.0,0.0,0.0,0.0,0.0,0.0,0.0,0.0
12,OL14360467A,graf Leo Tolstoy,,0.0,0.0,2.047372,0.0,0.0,0.0,0.0,0.0,0.0,0.0,0.0,0.0,0.0
13,OL14431373A,Graf Leo Tolstoy,,0.0,0.0,2.047372,0.0,0.0,0.0,0.0,0.0,0.0,0.0,0.0,0.0,0.0
14,OL12256006A,Leo Tolstoy Leo Wiener,,2.0,0.0,0.0,0.0,0.0,0.0,0.0,0.0,0.0,0.0,0.0,0.0,0.0
15,OL12959022A,graf Leo graf Leo Tolstoy,,2.0,0.0,0.0,0.0,0.0,0.0,0.0,0.0,0.0,0.0,0.0,0.0,0.0
16,OL11490779A,Leo Tolstoy Henry David Thoreau,,2.0,0.0,0.0,0.0,0.0,0.0,0.0,0.0,0.0,0.0,0.0,0.0,0.0
17,OL14675995A,Graf Leo Graf Leo Tolstoy,,0.0,0.0,2.047372,0.0,0.0,0.0,0.0,0.0,0.0,0.0,0.0,0.0,0.0
18,OL13677863A,Nathan Haskell Dole Leo Tolstoy,,0.0,0.0,0.0,0.0,0.0,0.0,0.0,0.0,0.0,0.0,0.0,0.0,0.0
19,OL26783A,Лев Толстой,"['Leo Tolstoy graf (1828-1910)', 'Fiction', 'Russia', 'Translations into English', '19th century', 'History', 'Christianity', 'Religion', 'Continental european fiction (fictional works by one author)', 'Tolstoy, leo, graf, 1828-1910']",3236.0,4.2285714,4.0854387,175.0,1.0,4.0,29.0,61.0,80.0,2240.0,273.0,153.0,2666.0
20,OL2662483A,W. Gareth Jones Aylmer Maude Louise Maude Leo Tolstoy Louise Shanks Maude,,0.0,0.0,0.0,0.0,0.0,0.0,0.0,0.0,0.0,0.0,0.0,0.0,0.0
21,OL13592249A,TOLSTOY LEO,,2.0,0.0,0.0,0.0,0.0,0.0,0.0,0.0,0.0,0.0,0.0,0.0,0.0
22,OL12634132A,Tolstoy Leo,,2.0,0.0,0.0,0.0,0.0,0.0,0.0,0.0,0.0,0.0,0.0,0.0,0.0
23,OL13554925A,Tolstoy Leo Graf,,3.0,0.0,0.0,0.0,0.0,0.0,0.0,0.0,0.0,0.0,0.0,0.0,0.0
24,OL11442030A,"Tolstoy, Leo; Fuller, Edmund",,2.0,0.0,0.0,0.0,0.0,0.0,0.0,0.0,0.0,0.0,0.0,0.0,0.0
25,OL12292966A,"Tolstoy, Leo Musacchia, John B.,",,2.0,0.0,0.0,0.0,0.0,0.0,0.0,0.0,0.0,0.0,0.0,0.0,0.0
26,OL13542837A,Leo N. Tolstóy,,0.0,0.0,0.0,0.0,0.0,0.0,0.0,0.0,0.0,0.0,0.0,0.0,0.0
27,OL14550908A,Leo Nikoleyevich Tolstoy,,0.0,0.0,2.047372,0.0,0.0,0.0,0.0,0.0,0.0,0.0,0.0,0.0,0.0
28,OL14447153A,Leo Graf Tolstoy,,0.0,0.0,2.047372,0.0,0.0,0.0,0.0,0.0,0.0,0.0,0.0,0.0,0.0
29,OL14439655A,Leo Nikoleyevich Leo Nikoleyevich Tolstoy,,0.0,0.0,2.047372,0.0,0.0,0.0,0.0,0.0,0.0,0.0,0.0,0.0,0.0
30,OL12506504A,"Tolstoy, Leo, Dosteyevsky, Fyodor",,0.0,0.0,0.0,0.0,0.0,0.0,0.0,0.0,0.0,0.0,0.0,0.0,0.0
31,OL13214190A,Fyodor Dostoevsky,"['Fiction, psychological', 'Continental european fiction (fictional works by one author)', 'Fiction, short stories (single author)', 'Fiction, general', 'Saint petersburg (russia), fiction', 'Fiction, romance, general', 'Fiction, mystery & detective, general', 'Fiction, fantasy, general', 'Fiction, family life, general', 'Fathers and sons, fiction']",131.0,0.0,0.0,0.0,0.0,0.0,0.0,0.0,0.0,0.0,0.0,0.0,0.0
32,OL13280086A,Fyodor DOSTOEVSKY,,4.0,0.0,0.0,0.0,0.0,0.0,0.0,0.0,0.0,0.0,0.0,0.0,0.0
33,OL13632639A,Fyodor Dostoevsky Staff,['Continental european fiction (fictional works by one author)'],4.0,0.0,0.0,0.0,0.0,0.0,0.0,0.0,0.0,0.0,0.0,0.0,0.0
34,OL14485152A,Fyodor Fyodor Dostoevsky,,0.0,0.0,2.047372,0.0,0.0,0.0,0.0,0.0,0.0,0.0,0.0,0.0,0.0
35,OL12771857A,"Dostoyevsky, Fyodor (Dostoevsky) Garnett, Constance Trans",,2.0,0.0,0.0,0.0,0.0,0.0,0.0,0.0,0.0,0.0,0.0,0.0,0.0
36,OL13593411A,"Dostoyevsky, Fyodor (Dostoevsky, Fyodor) / Wellek, Rene (ed.)",,2.0,0.0,0.0,0.0,0.0,0.0,0.0,0.0,0.0,0.0,0.0,0.0,0.0
37,OL14536603A,Poor Folk Poor Folk by Fyodor Dostoevsky,,0.0,0.0,2.047372,0.0,0.0,0.0,0.0,0.0,0.0,0.0,0.0,0.0,0.0
38,OL13091422A,Fyodor Dostoevsky (Author); Constance Garnett (Translated from the Russian by),,2.0,0.0,0.0,0.0,0.0,0.0,0.0,0.0,0.0,0.0,0.0,0.0,0.0
39,OL22242A,Фёдор Михайлович Достоевский,"['Fiction', 'Fyodor Dostoyevsky (1821-1881)', 'Continental european fiction (fictional works by one author)', 'Translations into English', 'Russia', 'Social life and customs', '19th century', 'Fiction, general', 'Slavic philology', 'Fiction, psychological']",6237.0,4.1466665,4.041114,300.0,3.0,11.0,51.0,109.0,126.0,3165.0,472.0,189.0,3826.0
40,OL13350643A,Fyodor M. Dostoevsky,,2.0,0.0,0.0,0.0,0.0,0.0,0.0,0.0,0.0,0.0,0.0,0.0,0.0
41,OL13591819A,Fyodor M Dostoevsky,,2.0,0.0,0.0,0.0,0.0,0.0,0.0,0.0,0.0,0.0,0.0,0.0,0.0
42,OL13503617A,Fyodor Mikhailovich Dostoevsky,,2.0,0.0,0.0,0.0,0.0,0.0,0.0,0.0,0.0,0.0,0.0,0.0,0.0
43,OL13737591A,Dostoevsky Fyodor Dostoyevsky,,0.0,0.0,0.0,0.0,0.0,0.0,0.0,0.0,0.0,0.0,0.0,0.0,0.0
44,OL13593589A,"Dostoevsky, Fyodor; Garnett, Constance (translator)",,2.0,0.0,0.0,0.0,0.0,0.0,0.0,0.0,0.0,0.0,0.0,0.0,0.0
45,OL234426A,Jordan B. Peterson,"['Conduct of life', 'Political correctness', 'self-help', 'psychology', 'psychiatry', 'nyt:advice-how-to-and-miscellaneous=2021-03-21', 'mythology', 'Social history, 21st century', 'Social', 'Signification (Psychologie)']",100.0,0.0,0.0,0.0,0.0,0.0,0.0,0.0,0.0,0.0,0.0,0.0,0.0
46,OL13532537A,Jordan Peterson,,2.0,0.0,0.0,0.0,0.0,0.0,0.0,0.0,0.0,0.0,0.0,0.0,0.0
47,OL1332449A,Ruth Jordan Peterson,"['William Thomas Jordon', 'Samuel Hill (1857-1931)', 'Ruth Jordan Peterson', 'Oregon', 'Maryhill (Wash.)', 'History', 'Columbia River Valley', 'Biography']",3.0,0.0,0.0,0.0,0.0,0.0,0.0,0.0,0.0,0.0,0.0,0.0,0.0
48,OL13241829A,Jordan B. Peterson,['Self-help techniques'],5.0,0.0,0.0,0.0,0.0,0.0,0.0,0.0,0.0,0.0,0.0,0.0,0.0
49,OL11269031A,Peterson JORDAN,,2.0,0.0,0.0,0.0,0.0,0.0,0.0,0.0,0.0,0.0,0.0,0.0,0.0
50,OL12190122A,Jordan B. Peterson,,0.0,0.0,2.047372,0.0,0.0,0.0,0.0,0.0,0.0,0.0,0.0,0.0,0.0
51,OL12307791A,Carl Jung,"['Jungian psychology', 'Transference (psychology)', 'Symbolism (psychology)', 'Subconsciousness', 'Spirituality', 'Sex (psychology)', 'Self', 'Schizophrenia', 'Religion', 'Psychoanalysis and literature']",26.0,0.0,0.0,0.0,0.0,0.0,0.0,0.0,0.0,0.0,0.0,0.0,0.0
52,OL7409772A,Carl Jung,"['Therapy', 'Orthodontics', 'Malocclusion', 'Jaw Abnormalities']",2.0,0.0,0.0,0.0,0.0,0.0,0.0,0.0,0.0,0.0,0.0,0.0,0.0
53,OL17370A,Carl Gustav Jung,"['Psychoanalysis', 'Psychology', 'Subconsciousness', 'Jung, c. g. (carl gustav), 1875-1961', 'Psychanalyse', 'C. G. Jung (1875-1961)', 'Jungian psychology', 'Symbolism', 'Dreams', 'Religious Psychology']",2086.0,0.0,0.0,0.0,0.0,0.0,0.0,0.0,0.0,0.0,0.0,0.0,0.0
54,OL10870881A,Carl Gustav Jung,"['Spirituality', 'Philosophy']",119.0,0.0,0.0,0.0,0.0,0.0,0.0,0.0,0.0,0.0,0.0,0.0,0.0
55,OL11508556A,Carl G. Jung,,17.0,0.0,0.0,0.0,0.0,0.0,0.0,0.0,0.0,0.0,0.0,0.0,0.0
56,OL12337056A,Jung C G (Carl Gustav),,5.0,0.0,0.0,0.0,0.0,0.0,0.0,0.0,0.0,0.0,0.0,0.0,0.0
57,OL10863949A,C. G. (Carl Gustav) Jung,,4.0,0.0,0.0,0.0,0.0,0.0,0.0,0.0,0.0,0.0,0.0,0.0,0.0
58,OL10975910A,Carl Gustav jung,,2.0,0.0,0.0,0.0,0.0,0.0,0.0,0.0,0.0,0.0,0.0,0.0,0.0
59,OL11142178A,Carl C. Jung,,2.0,0.0,0.0,0.0,0.0,0.0,0.0,0.0,0.0,0.0,0.0,0.0,0.0
60,OL12501374A,C.G. (Carl Gustav) Jung,,2.0,0.0,0.0,0.0,0.0,0.0,0.0,0.0,0.0,0.0,0.0,0.0,0.0
61,OL11481128A,"JUNG, Carl G., M.D.",,2.0,0.0,0.0,0.0,0.0,0.0,0.0,0.0,0.0,0.0,0.0,0.0,0.0
62,OL12356932A,C. G. (Carl Gustav) 1875-1961 Jung,,3.0,0.0,0.0,0.0,0.0,0.0,0.0,0.0,0.0,0.0,0.0,0.0,0.0
63,OL11519044A,C. G. (Carl G.) Jung,,2.0,0.0,0.0,0.0,0.0,0.0,0.0,0.0,0.0,0.0,0.0,0.0,0.0
64,OL14667974A,Carl Gustav Carl Gustav Jung,,0.0,0.0,2.047372,0.0,0.0,0.0,0.0,0.0,0.0,0.0,0.0,0.0,0.0
65,OL11422368A,edited with and introduction Carl G Jung,,2.0,0.0,0.0,0.0,0.0,0.0,0.0,0.0,0.0,0.0,0.0,0.0,0.0
66,OL14540018A,Carl Gustav Jung Richard Wilhelm,,0.0,0.0,2.047372,0.0,0.0,0.0,0.0,0.0,0.0,0.0,0.0,0.0,0.0
67,OL12506868A,"Jung, Carl G. (Editor), von Franz, M. -L. (Editor), Freeman, John (Editor)",,2.0,0.0,0.0,0.0,0.0,0.0,0.0,0.0,0.0,0.0,0.0,0.0,0.0
68,OL12699609A,II Proemio de Carl G. Jung. Presentación de A. Ortiz-Osés E. Neumann,,1.0,0.0,2.047372,0.0,0.0,0.0,0.0,0.0,0.0,0.0,0.0,0.0,0.0
69,OL12699612A,II Proemio de Carl G. Jung. Presentación de A. Ortiz-Osés E. Neumann,,1.0,0.0,2.047372,0.0,0.0,0.0,0.0,0.0,0.0,0.0,0.0,0.0,0.0
70,OL11416883A,Viktor Frankl,,4.0,0.0,0.0,0.0,0.0,0.0,0.0,0.0,0.0,0.0,0.0,0.0,0.0
71,OL12509170A,viktor frankl,,4.0,0.0,0.0,0.0,0.0,0.0,0.0,0.0,0.0,0.0,0.0,0.0,0.0
72,OL6200391A,Viktor E. Frankl,"['Logotherapy', 'Psychotherapy', 'Existentialism', 'Meaning (Psychology)', 'Existential psychology', 'Psychological aspects', 'Psychoanalysis', 'Meaning (psychology)', 'Logotherapie', 'Existential psychotherapy']",440.0,0.0,0.0,0.0,0.0,0.0,0.0,0.0,0.0,0.0,0.0,0.0,0.0
73,OL12180079A,Viktor E. Frankl,"['Psychotherapy', 'Psychology and religion', 'Meaning (psychology)', 'Logotherapy']",24.0,0.0,0.0,0.0,0.0,0.0,0.0,0.0,0.0,0.0,0.0,0.0,0.0
74,OL11449344A,Viktor Emil Frankl,,6.0,0.0,0.0,0.0,0.0,0.0,0.0,0.0,0.0,0.0,0.0,0.0,0.0
75,OL11485807A,Viktor E Frankl,,4.0,0.0,0.0,0.0,0.0,0.0,0.0,0.0,0.0,0.0,0.0,0.0,0.0
76,OL12505114A,M.D. Viktor E. Frankl,,2.0,0.0,0.0,0.0,0.0,0.0,0.0,0.0,0.0,0.0,0.0,0.0,0.0
77,OL12602767A,Asociación Viktor E. Frankl,,2.0,0.0,0.0,0.0,0.0,0.0,0.0,0.0,0.0,0.0,0.0,0.0,0.0
78,OL12650941A,Aleksandra Wolnicka Viktor E. Frankl,,2.0,0.0,0.0,0.0,0.0,0.0,0.0,0.0,0.0,0.0,0.0,0.0,0.0
79,OL11486281A,Richard & Clara Frankl Viktor E.; Winston,,2.0,0.0,0.0,0.0,0.0,0.0,0.0,0.0,0.0,0.0,0.0,0.0,0.0
80,OL11533509A,Viktor E. & Robert M. Nelson & Norman Vincent Peale & Rabbi Andre Unger Frankl,,2.0,0.0,0.0,0.0,0.0,0.0,0.0,0.0,0.0,0.0,0.0,0.0,0.0
81,OL11520048A,"Friedman, Maurice, Editor; selections by Heracleitus; Eckhart, Meister; Nietzsche, Friedrich; Frankl, Viktor; Heidegger...",,2.0,0.0,0.0,0.0,0.0,0.0,0.0,0.0,0.0,0.0,0.0,0.0,0.0
82,OL119580A,Arthur Schopenhauer,"['Philosophy', 'Arthur Schopenhauer (1788-1860)', 'Will', 'Conduct of life', 'Ethics', 'German Philosophy', 'Theory of Knowledge', 'Idea (Philosophy)', 'Free will and determinism', '19th century']",527.0,3.6,3.183165,30.0,2.0,3.0,7.0,11.0,7.0,460.0,45.0,42.0,547.0
83,OL6911532A,Arthur Schopenhauer,"['Philosophy', 'Science: general issues', 'Physiology', 'Pessimism', 'Natural history', 'History of science', 'History', 'Fiction, short stories (single author)', 'Fiction, general', 'Will']",1081.0,0.0,0.0,0.0,0.0,0.0,0.0,0.0,0.0,0.0,0.0,0.0,0.0
84,OL13633140A,Arthur Schopenhauer Staff,,2.0,0.0,0.0,0.0,0.0,0.0,0.0,0.0,0.0,0.0,0.0,0.0,0.0
85,OL5081016A,Arthur Schopenhauer Keller,"['Sovereignty', 'Politics and government', 'History', 'Europe', 'Colonization']",2.0,0.0,0.0,0.0,0.0,0.0,0.0,0.0,0.0,0.0,0.0,0.0,0.0
86,OL11456600A,Arthur Schopenhauer Thomas Mann,,2.0,0.0,0.0,0.0,0.0,0.0,0.0,0.0,0.0,0.0,0.0,0.0,0.0
87,OL7021878A,Arthur Schopenhauer and Philipp Otto Runge translator: georg stahl,"['philosophy', 'de Stijl', 'color theory', 'Wolgast', 'Vision', 'Utrecht', 'Reinhold Heller', 'Philipp Otto Runge', 'Paul Klee', 'Johannes Itten']",2.0,0.0,0.0,0.0,0.0,0.0,0.0,0.0,0.0,0.0,0.0,0.0,0.0
88,OL11996310A,Arthur Ictor Schopenhauer,,2.0,0.0,0.0,0.0,0.0,0.0,0.0,0.0,0.0,0.0,0.0,0.0,0.0
89,OL13504133A,"Schopenhauer, Arthur, Frauenstädt, Julius",,2.0,0.0,0.0,0.0,0.0,0.0,0.0,0.0,0.0,0.0,0.0,0.0,0.0
90,OL3210359A,"Arthur; Moreno Claros, Luis Fernando Schopenhauer",,2.0,0.0,0.0,0.0,0.0,0.0,0.0,0.0,0.0,0.0,0.0,0.0,0.0
91,OL11531969A,"Schopenhauer, Arthur; Durant, Will -Ed; Mann, Thomas -Intro",,0.0,0.0,0.0,0.0,0.0,0.0,0.0,0.0,0.0,0.0,0.0,0.0,0.0
92,OL20157A,Friedrich Nietzsche,"['Philosophy', 'Friedrich Wilhelm Nietzsche (1844-1900)', 'Nietzsche, friedrich wilhelm, 1844-1900', 'Ethics', 'German Philosophy', 'Philosophy, german', 'Richard Wagner (1813-1883)', '19th century', 'Philosophers', 'Tragedy']",2164.0,3.9538462,3.7895875,130.0,0.0,9.0,25.0,59.0,37.0,1698.0,200.0,96.0,1994.0
93,OL10216296A,Friedrich Nietzsche Wilhelm,,2.0,0.0,0.0,0.0,0.0,0.0,0.0,0.0,0.0,0.0,0.0,0.0,0.0
94,OL6616745A,Friedrich Nietzsche Society. Conference,"['Tradition (philosophy)', 'Tradition (Philosophy)', 'Philosophy, german', 'Nietzsche, friedrich wilhelm, 1844-1900', 'German Philosophy', 'Friedrich Wilhelm Nietzsche (1844-1900)', 'Congresses', '19th century', 'Time', 'Philosophy']",6.0,0.0,0.0,0.0,0.0,0.0,0.0,0.0,0.0,0.0,0.0,0.0,0.0
95,OL11310231A,Friedrich NIETZSCHE (1844 - 1900),,2.0,0.0,0.0,0.0,0.0,0.0,0.0,0.0,0.0,0.0,0.0,0.0,0.0
96,OL13595170A,Friedrich Nietzsche / Walter Kaufman,,2.0,0.0,0.0,0.0,0.0,0.0,0.0,0.0,0.0,0.0,0.0,0.0,0.0
97,OL12207255A,Friedrich Nietzsche; Alfred Baeumler,,2.0,0.0,0.0,0.0,0.0,0.0,0.0,0.0,0.0,0.0,0.0,0.0,0.0
98,OL10812730A,"Lao Tzu, Friedrich Nietzsche, James Allen, Kahlil Gibran",,2.0,0.0,0.0,0.0,0.0,0.0,0.0,0.0,0.0,0.0,0.0,0.0,0.0
99,OL9900953A,"Ralph Waldo Emerson, Marcel Mauss, Emile Benveniste, Friedrich Nietzsche, …",,2.0,0.0,0.0,0.0,0.0,0.0,0.0,0.0,0.0,0.0,0.0,0.0,0.0
100,OL6785655A,"Convegno internazionale Friedrich Nietzsche, edizioni e interpretazioni (2003 Lecce, Italy)","['Influence', 'Friedrich Wilhelm Nietzsche (1844-1900)', 'Congresses']",2.0,0.0,0.0,0.0,0.0,0.0,0.0,0.0,0.0,0.0,0.0,0.0,0.0
101,OL9944171A,NIETZSCHE FRIEDRICH,,2.0,0.0,0.0,0.0,0.0,0.0,0.0,0.0,0.0,0.0,0.0,0.0,0.0
102,OL12685993A,NIETZSCHE FRIEDRICH WILHELM,,2.0,0.0,0.0,0.0,0.0,0.0,0.0,0.0,0.0,0.0,0.0,0.0,0.0
103,OL12685994A,NIETZSCHE FRIEDRICH WILHELM,,2.0,0.0,0.0,0.0,0.0,0.0,0.0,0.0,0.0,0.0,0.0,0.0,0.0
104,OL12632486A,Friedrich Wilhelm NIETZSCHE,,2.0,0.0,0.0,0.0,0.0,0.0,0.0,0.0,0.0,0.0,0.0,0.0,0.0
105,OL11163193A,nietzsche friedrich wilhelm,,2.0,0.0,0.0,0.0,0.0,0.0,0.0,0.0,0.0,0.0,0.0,0.0,0.0
106,OL9912912A,Friedrich W. Nietzsche,,2.0,0.0,0.0,0.0,0.0,0.0,0.0,0.0,0.0,0.0,0.0,0.0,0.0
107,OL14561942A,Nietzsche Nietzsche Friedrich,,0.0,0.0,2.047372,0.0,0.0,0.0,0.0,0.0,0.0,0.0,0.0,0.0,0.0
108,OL14480638A,Nietzsche Friedrich,,0.0,0.0,2.047372,0.0,0.0,0.0,0.0,0.0,0.0,0.0,0.0,0.0,0.0
109,OL11532015A,"Nietzsche, Friedrich Wilhelm Nietzsche, Friedrich Wilhelm, ; Kaufmann, Walter Arnold,",,2.0,0.0,0.0,0.0,0.0,0.0,0.0,0.0,0.0,0.0,0.0,0.0,0.0
110,OL13507146A,Friedrich August Ludwig Nietzsche,,2.0,0.0,0.0,0.0,0.0,0.0,0.0,0.0,0.0,0.0,0.0,0.0,0.0
111,OL10047240A,Aarni Kouta Friedrich Wilhelm Nietzsche,,2.0,0.0,0.0,0.0,0.0,0.0,0.0,0.0,0.0,0.0,0.0,0.0,0.0
112,OL13212621A,"Nietzsche, Friedrich, Institute, Original Thinkers",,2.0,0.0,0.0,0.0,0.0,0.0,0.0,0.0,0.0,0.0,0.0,0.0,0.0
113,OL12521598A,Fritz Koegel Friedrich Wilhelm Nietzsche,,2.0,0.0,0.0,0.0,0.0,0.0,0.0,0.0,0.0,0.0,0.0,0.0,0.0
114,OL9954828A,Friedrich Wilhelm Nietzsche Osman Derinsu,,2.0,0.0,0.0,0.0,0.0,0.0,0.0,0.0,0.0,0.0,0.0,0.0,0.0
115,OL14614617A,Friedrich Wilhelm Nietzsche Wilhelm Nietzsche,,0.0,0.0,2.047372,0.0,0.0,0.0,0.0,0.0,0.0,0.0,0.0,0.0,0.0
116,OL13835564A,Friedrich Wilhelm Nietzsche,,0.0,0.0,0.0,0.0,0.0,0.0,0.0,0.0,0.0,0.0,0.0,0.0,0.0
117,OL14576381A,Wilhelm Nietzsche Friedrich,,0.0,0.0,2.047372,0.0,0.0,0.0,0.0,0.0,0.0,0.0,0.0,0.0,0.0
118,OL14446466A,Nietzsche Friedrich Wilhelm,,0.0,0.0,2.047372,0.0,0.0,0.0,0.0,0.0,0.0,0.0,0.0,0.0,0.0
119,OL11470658A,Friedrich; edited by Walter Kaufmann Nietzsche,,2.0,0.0,0.0,0.0,0.0,0.0,0.0,0.0,0.0,0.0,0.0,0.0,0.0
120,OL13591357A,"Nietzsche, Friedrich Wilhelm, Mencken, Henry Louis",,2.0,0.0,0.0,0.0,0.0,0.0,0.0,0.0,0.0,0.0,0.0,0.0,0.0
121,OL12794008A,"Nietzsche, Friedrich Wilhelm) Komkroff, Manuel Ed",,2.0,0.0,0.0,0.0,0.0,0.0,0.0,0.0,0.0,0.0,0.0,0.0,0.0
122,OL13592544A,"Nietzsche, Friedrich Wilhelm) Collins, Adrian (trans)",,2.0,0.0,0.0,0.0,0.0,0.0,0.0,0.0,0.0,0.0,0.0,0.0,0.0
123,OL11520525A,Friedrich Wilhelm (1844-1900). Adrian Collins (Transl. ) Nietzsche,,2.0,0.0,0.0,0.0,0.0,0.0,0.0,0.0,0.0,0.0,0.0,0.0,0.0
124,OL9953611A,"Mustafa Bahar, Nevruz Kýran Oksuz, Friedrich Wilhelm Nietzsche",,2.0,0.0,0.0,0.0,0.0,0.0,0.0,0.0,0.0,0.0,0.0,0.0,0.0
125,OL11522686A,"Nietzsche, Friedrich, Translated from the German By Thomas Common",,2.0,0.0,0.0,0.0,0.0,0.0,0.0,0.0,0.0,0.0,0.0,0.0,0.0
126,OL12492315A,F. W. (Friedrich Wilhelm); H. L. Mencken (transl.) Nietzsche,,2.0,0.0,0.0,0.0,0.0,0.0,0.0,0.0,0.0,0.0,0.0,0.0,0.0
127,OL12593300A,"Nietzsche, Friedrich (1844-1900) Traductor/a Río Herrmann, Alejandro del",,2.0,0.0,0.0,0.0,0.0,0.0,0.0,0.0,0.0,0.0,0.0,0.0,0.0
128,OL11520048A,"Friedman, Maurice, Editor; selections by Heracleitus; Eckhart, Meister; Nietzsche, Friedrich; Frankl, Viktor; Heidegger...",,2.0,0.0,0.0,0.0,0.0,0.0,0.0,0.0,0.0,0.0,0.0,0.0,0.0
129,OL7524018A,Jocko Willink,"[""Children's fiction"", 'Self-help techniques', 'New York Times bestseller', 'Leadership', 'United states, navy, seals', 'United states, navy, biography', 'United States', 'Iraq war, 2003-2011, personal narratives', 'United States. Navy. SEALs. Task Unit Bruiser', 'United States. Navy. SEALs']",89.0,0.0,0.0,0.0,0.0,0.0,0.0,0.0,0.0,0.0,0.0,0.0,0.0
130,OL12059113A,Willink Jocko,,2.0,0.0,0.0,0.0,0.0,0.0,0.0,0.0,0.0,0.0,0.0,0.0,0.0
131,OL2631291A,Bell Hooks,"['United States', 'Love', 'African Americans', 'SOCIAL SCIENCE', 'African American women', 'Social conditions', 'Feminism', 'Race relations', 'Minority Studies', 'Discrimination & Race Relations']",70.0,4.0,3.7141995,62.0,1.0,4.0,12.0,22.0,23.0,2003.0,123.0,72.0,2198.0
132,OL13673221A,bell hooks,"['Feminism', 'African american women', 'United states, race relations', 'Sex role', 'African americans, social conditions', 'African americans, race identity', 'Political science, united states', 'Oppression (psychology)', 'Feminist theory', 'African americans, intellectual life']",9.0,0.0,2.047372,0.0,0.0,0.0,0.0,0.0,0.0,1.0,0.0,0.0,1.0
133,OL13660647A,Bell Hooks,"['United States', 'Underground press publications', 'Social conditions', 'Racism', 'Publishers and publishing', 'Feminism', 'Biography', 'Bell Hooks', 'Authors and publishers', 'African American women']",9.0,0.0,2.047372,0.0,0.0,0.0,0.0,0.0,0.0,0.0,0.0,0.0,0.0
134,OL2630409A,Esther Perel,"['Man-woman relationships', 'Érotisme', 'nyt:combined-print-and-e-book-nonfiction=2017-10-29', 'Trouble sexuel', 'Sexualité dans le couple', 'Sexualité (psychologie)', 'Sexualité', 'Sexual excitement', 'Sexual desire disorders', 'Sexual behavior']",31.0,0.0,0.0,0.0,0.0,0.0,0.0,0.0,0.0,0.0,0.0,0.0,0.0
135,OL13532629A,Esther Perel,,2.0,0.0,0.0,0.0,0.0,0.0,0.0,0.0,0.0,0.0,0.0,0.0,0.0
136,OL63285A,Simone de Beauvoir,"['Simone de Beauvoir (1908-1986)', 'French Authors', '20th century', 'France', 'Biography', 'Beauvoir, simone de, 1908-1986', 'Women', 'Continental european fiction (fictional works by one author)', 'Fiction, general', 'Fiction']",536.0,3.8285713,3.356105,35.0,5.0,1.0,5.0,8.0,16.0,1251.0,55.0,83.0,1389.0
137,OL13681909A,Simone De Beauvoir,,0.0,0.0,0.0,0.0,0.0,0.0,0.0,0.0,0.0,0.0,0.0,0.0,0.0
138,OL13738836A,Simone de Beauvoir,,0.0,0.0,0.0,0.0,0.0,0.0,0.0,0.0,0.0,0.0,0.0,0.0,0.0
139,OL11421575A,Simone De Beauvoir Patrick O'Brian,,2.0,0.0,0.0,0.0,0.0,0.0,0.0,0.0,0.0,0.0,0.0,0.0,0.0
140,OL11608441A,Simone de Beauvoir; Mizuho Aoyagi,,2.0,0.0,0.0,0.0,0.0,0.0,0.0,0.0,0.0,0.0,0.0,0.0,0.0
141,OL6725243A,"Coloquio ""Simone de Beauvoir y los Estudios de Género"" (2008 Lima, Peru)","['Simone de Beauvoir (1908-1986)', 'Literature', 'History and criticism', 'Feminism', 'Criticism and interpretation', 'Congresses']",3.0,0.0,0.0,0.0,0.0,0.0,0.0,0.0,0.0,0.0,0.0,0.0,0.0
142,OL5231027A,Interdisciplinary Workshop Women and Development : Alternative Approaches (1987 Institut Simone de Beauvoir),"['Women in development', 'Women', 'Employment', 'Effect of technological innovations on', 'Developing countries']",2.0,0.0,0.0,0.0,0.0,0.0,0.0,0.0,0.0,0.0,0.0,0.0,0.0
143,OL6965271A,"International Conference, Breaking the Silence: Reading Virginia Woolf, Simone de Beauvoir, and Ashapurna Devi (2009 Women's Studies Research Centre, University of Calcutta)","['Feminism in literature', 'Feminism and literature', 'Criticism and interpretation', 'Congresses']",4.0,0.0,0.0,0.0,0.0,0.0,0.0,0.0,0.0,0.0,0.0,0.0,0.0
144,OL14085575A,"De Beauvoir, Simone & Halimi, Gisele",,0.0,0.0,2.047372,0.0,0.0,0.0,0.0,0.0,0.0,0.0,0.0,0.0,0.0
145,OL13627489A,Simone and translated by Peter Green De Beauvoir,,2.0,0.0,0.0,0.0,0.0,0.0,0.0,0.0,0.0,0.0,0.0,0.0,0.0
146,OL13119004A,Simone w/trans. by Bernard Frechtman De Beauvoir,,2.0,0.0,0.0,0.0,0.0,0.0,0.0,0.0,0.0,0.0,0.0,0.0,0.0
147,OL12987246A,"DE BEAUVOIR, SIMONE translated by MOYSE, YVONNE & SENHOUSE, ROGER",,2.0,0.0,0.0,0.0,0.0,0.0,0.0,0.0,0.0,0.0,0.0,0.0,0.0
148,OL10143312A,Simone / translated by Patrick O'Brian De Beauvoir,,0.0,0.0,0.0,0.0,0.0,0.0,0.0,0.0,0.0,0.0,0.0,0.0,0.0
149,OL13193A,Johann Wolfgang von Goethe,"['Johann Wolfgang von Goethe (1749-1832)', 'German Authors', 'Correspondence', '18th century', '19th century', 'Biography', 'Translations into English', 'Drama', 'Italy', 'Goethe, johann wolfgang von, 1749-1832']",5757.0,3.7410715,3.535069,112.0,7.0,6.0,29.0,37.0,33.0,758.0,149.0,46.0,953.0
150,OL10349418A,Johann Wolfgang von Goethe,['Johann Wolfgang von Goethe'],20.0,0.0,0.0,0.0,0.0,0.0,0.0,0.0,0.0,0.0,0.0,0.0,0.0
151,OL6011518A,Johann Wolfgang von Goethe,"['Goethe, johann wolfgang von, 1749-1832', 'Faust, -approximately 1540']",243.0,0.0,0.0,0.0,0.0,0.0,0.0,0.0,0.0,0.0,0.0,0.0,0.0
152,OL9962258A,Johann Wolfgang von Goethe,"['Goethe, johann wolfgang von, 1749-1832', 'Authors, german', 'Literatur über die Werke // Faust', 'Linguistics', 'Johann Wolfgang von Goethe', 'Criticism, textualgoethe, johann wolfgang von , 1749-1832', 'Botany']",988.0,0.0,0.0,0.0,0.0,0.0,0.0,0.0,0.0,0.0,0.0,0.0,0.0
153,OL9966231A,Johann Wolfgang Von Goethe,"['Continental european fiction (fictional works by one author)', 'Germanic literature', 'Fiction, romance, general', 'Drama (dramatic works by one author)', ""Children's fiction"", 'Poetry (poetic works by one author)', 'Philosophy', 'Performing arts', 'Music', 'Married people, fiction']",1413.0,0.0,0.0,0.0,0.0,0.0,0.0,0.0,0.0,0.0,0.0,0.0,0.0
154,OL12625046A,JOHANN WOLFGANG VON GOETHE,,12.0,0.0,0.0,0.0,0.0,0.0,0.0,0.0,0.0,0.0,0.0,0.0,0.0
155,OL12782292A,Johann Wolfgang von GOETHE,,2.0,0.0,0.0,0.0,0.0,0.0,0.0,0.0,0.0,0.0,0.0,0.0,0.0
156,OL12458876A,Johann Wolfgang Von  Goethe,,2.0,0.0,0.0,0.0,0.0,0.0,0.0,0.0,0.0,0.0,0.0,0.0,0.0
157,OL12212061A,johann wolfgang von goethe,,2.0,0.0,0.0,0.0,0.0,0.0,0.0,0.0,0.0,0.0,0.0,0.0,0.0
158,OL10034465A,Johann Wolfgang Johann Wolfgang von Goethe,,39.0,0.0,0.0,0.0,0.0,0.0,0.0,0.0,0.0,0.0,0.0,0.0,0.0
159,OL11039996A,Johann Wolfgang von Goethe Goethe,,8.0,0.0,0.0,0.0,0.0,0.0,0.0,0.0,0.0,0.0,0.0,0.0,0.0
160,OL13587769A,&nbsp;Johann Wolfgang von Goethe&nbsp;,,10.0,0.0,0.0,0.0,0.0,0.0,0.0,0.0,0.0,0.0,0.0,0.0,0.0
161,OL11557457A,Christopher Marlowe Johann Wolfgang von Goethe,,4.0,0.0,0.0,0.0,0.0,0.0,0.0,0.0,0.0,0.0,0.0,0.0,0.0
162,OL13558273A,Johann Wolfgang Von Goethe Von Arnim,,3.0,0.0,0.0,0.0,0.0,0.0,0.0,0.0,0.0,0.0,0.0,0.0,0.0
163,OL12345254A,Johann Wolfgang Von Goethe Von Müller,,3.0,0.0,0.0,0.0,0.0,0.0,0.0,0.0,0.0,0.0,0.0,0.0,0.0
164,OL11458769A,Franz Schultz Johann Wolfgang von Goethe,,2.0,0.0,0.0,0.0,0.0,0.0,0.0,0.0,0.0,0.0,0.0,0.0,0.0
165,OL11519948A,Johann Wolfgang Von Goethe Thomas Carlyle,,2.0,0.0,0.0,0.0,0.0,0.0,0.0,0.0,0.0,0.0,0.0,0.0,0.0
166,OL12242910A,D Kuhn Johann Wolfgang von Goethe,,2.0,0.0,0.0,0.0,0.0,0.0,0.0,0.0,0.0,0.0,0.0,0.0,0.0
167,OL12375079A,Johann Wolfgang Von Goethe Wi Swift,,2.0,0.0,0.0,0.0,0.0,0.0,0.0,0.0,0.0,0.0,0.0,0.0,0.0
168,OL12259171A,Hans Wahl Johann Wolfgang von Goethe,,2.0,0.0,0.0,0.0,0.0,0.0,0.0,0.0,0.0,0.0,0.0,0.0,0.0
169,OL9871475A,Johann Wolfgang Von Goethe;Friedrich Schiller,,2.0,0.0,0.0,0.0,0.0,0.0,0.0,0.0,0.0,0.0,0.0,0.0,0.0
170,OL9910164A,Ceren Alay Johann Wolfgang Von Goethe,,2.0,0.0,0.0,0.0,0.0,0.0,0.0,0.0,0.0,0.0,0.0,0.0,0.0
171,OL14081864A,"Johann Wolfgang Von Goethe,Gustav Wustmann",,0.0,0.0,2.047372,0.0,0.0,0.0,0.0,0.0,0.0,0.0,0.0,0.0,0.0
172,OL14732311A,"Johann Wolfgang Von Goethe,Theodore Martin",,0.0,0.0,2.047372,0.0,0.0,0.0,0.0,0.0,0.0,0.0,0.0,0.0,0.0
173,OL11447002A,Johann Wolfgang Von Goethe Charles W. Eliot,,2.0,0.0,0.0,0.0,0.0,0.0,0.0,0.0,0.0,0.0,0.0,0.0,0.0
174,OL13426324A,Johann Wolfgang Von Goethe C. F. MacIntyre,,2.0,0.0,0.0,0.0,0.0,0.0,0.0,0.0,0.0,0.0,0.0,0.0,0.0
175,OL12496353A,Kate Vesper-Waentig Johann Wolfgang Von Goethe,,2.0,0.0,0.0,0.0,0.0,0.0,0.0,0.0,0.0,0.0,0.0,0.0,0.0
176,OL11499322A,Johann Wolfgang Von Goethe (Karl Robert Mandelkow),,2.0,0.0,0.0,0.0,0.0,0.0,0.0,0.0,0.0,0.0,0.0,0.0,0.0
177,OL11432417A,"von Goethe, Johann Wolfgang, Von Goethe-J W.",,4.0,0.0,0.0,0.0,0.0,0.0,0.0,0.0,0.0,0.0,0.0,0.0,0.0
178,OL11958502A,Hans Carl Günther Jagemann Johann Wolfgang Von Goethe,,2.0,0.0,0.0,0.0,0.0,0.0,0.0,0.0,0.0,0.0,0.0,0.0,0.0
179,OL9953608A,"Johann Wolfgang Von Goethe, Nevruz Kýran Oksuz, Tolga Akdeniz",,2.0,0.0,0.0,0.0,0.0,0.0,0.0,0.0,0.0,0.0,0.0,0.0,0.0
180,OL12292876A,"Johann Wolfgang von Goethe, Friedrich von Schiller, Heinrich von Kleist",,3.0,0.0,0.0,0.0,0.0,0.0,0.0,0.0,0.0,0.0,0.0,0.0,0.0
181,OL12496768A,"Elizabeth Mary Wilkinson, Johann Wolfgang von Goethe, Leonard Ashley Willoughby",,2.0,0.0,0.0,0.0,0.0,0.0,0.0,0.0,0.0,0.0,0.0,0.0,0.0
182,OL11583690A,"Johann Wolfgang von Goethe. Translated, in the original meters, by Bayard Taylor",,2.0,0.0,0.0,0.0,0.0,0.0,0.0,0.0,0.0,0.0,0.0,0.0,0.0
183,OL12769886A,"Ernst Cassirer, Johann Wolfgang von Goethe, James Gutmann, Immanuel Kant, Paul Oskar Kristeller, John Herman Randall, Jean Jacques Rousseau",,2.0,0.0,0.0,0.0,0.0,0.0,0.0,0.0,0.0,0.0,0.0,0.0,0.0
184,OL10139257A,Johann Wolfgang Von 1749-1832 Goethe,,65.0,0.0,0.0,0.0,0.0,0.0,0.0,0.0,0.0,0.0,0.0,0.0,0.0
185,OL12373947A,Goethe Johann Wolfgang Von,,5.0,0.0,0.0,0.0,0.0,0.0,0.0,0.0,0.0,0.0,0.0,0.0,0.0
186,OL11444926A,"Von Goethe,Johann Wolfgang",,2.0,0.0,0.0,0.0,0.0,0.0,0.0,0.0,0.0,0.0,0.0,0.0,0.0
187,OL10209533A,Johann Wolfgang Goethe von,,2.0,0.0,0.0,0.0,0.0,0.0,0.0,0.0,0.0,0.0,0.0,0.0,0.0
188,OL12213259A,"Goethe, Johann Wolfgang Von,",,2.0,0.0,0.0,0.0,0.0,0.0,0.0,0.0,0.0,0.0,0.0,0.0,0.0
189,OL14672389A,Goethe Johann Wolfgang von,,0.0,0.0,2.047372,0.0,0.0,0.0,0.0,0.0,0.0,0.0,0.0,0.0,0.0
190,OL11487146A,Georg Goethe Johann Wolfgang von) Brandes,,2.0,0.0,0.0,0.0,0.0,0.0,0.0,0.0,0.0,0.0,0.0,0.0,0.0
191,OL12181040A,"Goethe, Johann Wolfgang Von, Schiller, Friedrich",,2.0,0.0,0.0,0.0,0.0,0.0,0.0,0.0,0.0,0.0,0.0,0.0,0.0
192,OL12782570A,"Goethe, Johann Wolfgang von; Carlyle, Thomas",,2.0,0.0,0.0,0.0,0.0,0.0,0.0,0.0,0.0,0.0,0.0,0.0,0.0
193,OL11534997A,"Von Goethe, Johann Wolfgang, Thomas, Calvin",,2.0,0.0,0.0,0.0,0.0,0.0,0.0,0.0,0.0,0.0,0.0,0.0,0.0
194,OL12300031A,"Goethe, Johann Wolfgang von Mann, Thomas,",,2.0,0.0,2.047372,0.0,0.0,0.0,0.0,0.0,0.0,0.0,0.0,0.0,0.0
195,OL12181004A,Johann Wolfgang Goethe (Author); Ernst Beutler (Herausgegeben von),,3.0,0.0,0.0,0.0,0.0,0.0,0.0,0.0,0.0,0.0,0.0,0.0,0.0
196,OL11422931A,"Goethe, Johann Wolfgang von; Jessup, Bertram (Translator)",,2.0,0.0,0.0,0.0,0.0,0.0,0.0,0.0,0.0,0.0,0.0,0.0,0.0
197,OL13595497A,"Von Goethe, Johann Wolfgang; Wayne, Philip (translator)",,2.0,0.0,0.0,0.0,0.0,0.0,0.0,0.0,0.0,0.0,0.0,0.0,0.0
198,OL13597485A,Johann Wolfgang Von; Alice Raphael (translator) Goethe,,2.0,0.0,0.0,0.0,0.0,0.0,0.0,0.0,0.0,0.0,0.0,0.0,0.0
199,OL12797365A,"Goethe, Johann Wolfgang Von) Pfeffer, J. Alan",,2.0,0.0,0.0,0.0,0.0,0.0,0.0,0.0,0.0,0.0,0.0,0.0,0.0
200,OL13210845A,"Goethe, Johann Wolfgang Von; Kaufman, Walter (Translator)",,2.0,0.0,0.0,0.0,0.0,0.0,0.0,0.0,0.0,0.0,0.0,0.0,0.0
201,OL12788723A,Johann Wolfgang Trans Bayard Taylor Von Goethe,,2.0,0.0,0.0,0.0,0.0,0.0,0.0,0.0,0.0,0.0,0.0,0.0,0.0
202,OL11525498A,Goethe Johann Wolfgang von und Charles Waldemar,,2.0,0.0,0.0,0.0,0.0,0.0,0.0,0.0,0.0,0.0,0.0,0.0,0.0
203,OL11413961A,"Goethe, Johann Wolfgang Von; Introduction by Lange, Victor",,2.0,0.0,0.0,0.0,0.0,0.0,0.0,0.0,0.0,0.0,0.0,0.0,0.0
204,OL11543495A,Johann Wolfgang von (trans George Madison Priest). Goethe,,2.0,0.0,0.0,0.0,0.0,0.0,0.0,0.0,0.0,0.0,0.0,0.0,0.0
205,OL11464797A,Johann Wolfgang von. New Introduction by Franz Schoenberner Goethe,,2.0,0.0,0.0,0.0,0.0,0.0,0.0,0.0,0.0,0.0,0.0,0.0,0.0
206,OL12271958A,"Goethe, Johann Wolfgang von; Coogan, Daniel (translation and introduction)",,2.0,0.0,0.0,0.0,0.0,0.0,0.0,0.0,0.0,0.0,0.0,0.0,0.0
207,OL11480690A,Johann Wolfgang Von / Translated By George Madison Priest Goethe,,2.0,0.0,0.0,0.0,0.0,0.0,0.0,0.0,0.0,0.0,0.0,0.0,0.0
208,OL11458700A,"Goethe, Johann Wolfgang (M. von Herzfeld and C.A.M. Sym, trs.)",,2.0,0.0,0.0,0.0,0.0,0.0,0.0,0.0,0.0,0.0,0.0,0.0,0.0
209,OL12901856A,"Goethe, Johann Wolfgang von; Busse, A. and Keil, G. (ed.)",,2.0,0.0,0.0,0.0,0.0,0.0,0.0,0.0,0.0,0.0,0.0,0.0,0.0
210,OL12245315A,"Eliot, Charles W (editor); Von Goethe, Johann Wolfgang; Marlowe, Christopher",,2.0,0.0,0.0,0.0,0.0,0.0,0.0,0.0,0.0,0.0,0.0,0.0,0.0
211,OL11957466A,"Goethe, Johann Wolfgang Von; Staiger, Emil (essay); Hollerer, Walter (gedichte Ausgewahlt Von).",,2.0,0.0,0.0,0.0,0.0,0.0,0.0,0.0,0.0,0.0,0.0,0.0,0.0
212,OL12248956A,"Goethe, Johann Wolfgang von Ludwig, Emil, ; Stawell, F. M. ; Purtscher, Nora;",,2.0,0.0,0.0,0.0,0.0,0.0,0.0,0.0,0.0,0.0,0.0,0.0,0.0
213,OL13592020A,Johann Wolfgang von; Freely adapted from Goethe's Dramatic Poem by Stephen Phillips and J. Comyns Carr Goethe,,2.0,0.0,0.0,0.0,0.0,0.0,0.0,0.0,0.0,0.0,0.0,0.0,0.0
214,OL9388A,William Shakespeare,"['William Shakespeare (1564-1616)', 'Drama', 'English literature', 'Plays', 'Juvenile drama', 'English drama', 'Fiction', 'Italy', ""Children's plays"", 'British and irish drama (dramatic works by one author)']",10533.0,3.72891,3.6706593,1055.0,45.0,81.0,283.0,352.0,294.0,8987.0,1660.0,599.0,11246.0
215,OL12183750A,WILLIAM SHAKESPEARE,['Drama (dramatic works by one author)'],351.0,0.0,0.0,0.0,0.0,0.0,0.0,0.0,0.0,0.0,0.0,0.0,0.0
216,OL6800038A,William Shakespeare,"['Singing', 'Voice culture', 'Vocalises', 'Instruction and study']",20.0,0.0,0.0,0.0,0.0,0.0,0.0,0.0,0.0,0.0,0.0,0.0,0.0
217,OL12201085A,William Shakespeare,"['British and irish drama (dramatic works by one author)', 'Henry v, king of england, 1387-1422, drama', 'Drama (dramatic works by one author)', 'Drama, collections', 'Caesar, julius, drama', 'English literature', 'Richard iii, king of england, 1452-1485, drama', 'Fiction, general', 'Shakespeare, william, 1564-1616, two gentlemen of verona', 'Poetry, collections']",5136.0,0.0,2.047372,0.0,0.0,0.0,0.0,0.0,0.0,55.0,2.0,3.0,60.0
218,OL13595674A,William) Shakespeare,,2.0,0.0,0.0,0.0,0.0,0.0,0.0,0.0,0.0,0.0,0.0,0.0,0.0
219,OL13423160A,William Shakespeare.,,2.0,0.0,0.0,0.0,0.0,0.0,0.0,0.0,0.0,0.0,0.0,0.0,0.0
220,OL9890155A,William Shakespeare;,,2.0,0.0,0.0,0.0,0.0,0.0,0.0,0.0,0.0,0.0,0.0,0.0,0.0
221,OL11123179A,William Shakespeare Wochenplaner,,10.0,0.0,0.0,0.0,0.0,0.0,0.0,0.0,0.0,0.0,0.0,0.0,0.0
222,OL9274509A,William Shakespeare (Jr.),,5.0,0.0,0.0,0.0,0.0,0.0,0.0,0.0,0.0,0.0,0.0,0.0,0.0
223,OL2093190A,Herbert Farjeon,"['William Shakespeare (1564-1616)', 'Stage history', 'Poetry', 'Librettos', 'Kings, queens, rulers, etc.', 'Kings and rulers, juvenile literature', 'Kings and rulers', 'Juvenile poetry', 'Humor', 'History']",58.0,0.0,0.0,0.0,0.0,0.0,0.0,0.0,0.0,0.0,0.0,0.0,0.0
224,OL6652838A,William Shakespeare Hays,,4.0,0.0,0.0,0.0,0.0,0.0,0.0,0.0,0.0,0.0,0.0,0.0,0.0
225,OL11503142A,William Shakespeare Christopher Marlowe,,12.0,0.0,0.0,0.0,0.0,0.0,0.0,0.0,0.0,0.0,0.0,0.0,0.0
226,OL13567448A,William Shakespeare (Jr ),,2.0,0.0,0.0,0.0,0.0,0.0,0.0,0.0,0.0,0.0,0.0,0.0,0.0
227,OL13934264A,"William Shakespeare,BookCaps",,0.0,0.0,0.0,0.0,0.0,0.0,0.0,0.0,0.0,0.0,0.0,0.0,0.0
228,OL11732348A,Sidney Lee William Shakespeare,,7.0,0.0,0.0,0.0,0.0,0.0,0.0,0.0,0.0,0.0,0.0,0.0,0.0
229,OL11582753A,William; William Shakespeare Shakespeare,,4.0,0.0,0.0,0.0,0.0,0.0,0.0,0.0,0.0,0.0,0.0,0.0,0.0
230,OL11556792A,Shakespeare William; William Shakespeare,,2.0,0.0,0.0,0.0,0.0,0.0,0.0,0.0,0.0,0.0,0.0,0.0,0.0
231,OL11450927A,Evelyn Smith William Shakespeare,,4.0,0.0,0.0,0.0,0.0,0.0,0.0,0.0,0.0,0.0,0.0,0.0,0.0
232,OL12511559A,William Shakespeare et al,,4.0,0.0,0.0,0.0,0.0,0.0,0.0,0.0,0.0,0.0,0.0,0.0,0.0
233,OL11114674A,&infin;William Shakespeare&infin;,,3.0,0.0,0.0,0.0,0.0,0.0,0.0,0.0,0.0,0.0,0.0,0.0,0.0
234,OL10544365A,Orden Literaria William Shakespeare,,3.0,0.0,0.0,0.0,0.0,0.0,0.0,0.0,0.0,0.0,0.0,0.0,0.0
235,OL12794384A,William Shakespeare & Arthur Laurents,,3.0,0.0,0.0,0.0,0.0,0.0,0.0,0.0,0.0,0.0,0.0,0.0,0.0
236,OL11422530A,Christopher Marlowe William Shakespeare,,2.0,0.0,0.0,0.0,0.0,0.0,0.0,0.0,0.0,0.0,0.0,0.0,0.0
237,OL11446176A,Marchette Chute; William Shakespeare,,2.0,0.0,0.0,0.0,0.0,0.0,0.0,0.0,0.0,0.0,0.0,0.0,0.0
238,OL10830187A,William Shakespeare; Derek Sellen,,2.0,0.0,0.0,0.0,0.0,0.0,0.0,0.0,0.0,0.0,0.0,0.0,0.0
239,OL10832580A,SparkNotes Editors William Shakespeare,,2.0,0.0,0.0,0.0,0.0,0.0,0.0,0.0,0.0,0.0,0.0,0.0,0.0
240,OL10829935A,William Shakespeare Bernard Shaw,,2.0,0.0,0.0,0.0,0.0,0.0,0.0,0.0,0.0,0.0,0.0,0.0,0.0
241,OL13551783A,Richard Mansfield William Shakespeare,,2.0,0.0,0.0,0.0,0.0,0.0,0.0,0.0,0.0,0.0,0.0,0.0,0.0
242,OL13598546A,William Shakespeare Nick Baldasare,,2.0,0.0,0.0,0.0,0.0,0.0,0.0,0.0,0.0,0.0,0.0,0.0,0.0
243,OL12776212A,S. Nagarajan William Shakespeare,,2.0,0.0,0.0,0.0,0.0,0.0,0.0,0.0,0.0,0.0,0.0,0.0,0.0
244,OL13088264A,Pieter Koster William Shakespeare,,2.0,0.0,0.0,0.0,0.0,0.0,0.0,0.0,0.0,0.0,0.0,0.0,0.0
245,OL12986602A,William Shakespeare; Charles Lamb,,2.0,0.0,0.0,0.0,0.0,0.0,0.0,0.0,0.0,0.0,0.0,0.0,0.0
246,OL12514502A,William Shakespeare Marlowe Christopher,,2.0,0.0,0.0,0.0,0.0,0.0,0.0,0.0,0.0,0.0,0.0,0.0,0.0
247,OL12488677A,William Shakespeare Geoffrey Chaucer,,2.0,0.0,0.0,0.0,0.0,0.0,0.0,0.0,0.0,0.0,0.0,0.0,0.0
248,OL11536144A,William Shakespeare John Teskey,,2.0,0.0,0.0,0.0,0.0,0.0,0.0,0.0,0.0,0.0,0.0,0.0,0.0
249,OL11493537A,Israel Gollancz William Shakespeare,,2.0,0.0,0.0,0.0,0.0,0.0,0.0,0.0,0.0,0.0,0.0,0.0,0.0
250,OL12195865A,LEONARDO CHIANCA/WILLIAM SHAKESPEARE,,2.0,0.0,0.0,0.0,0.0,0.0,0.0,0.0,0.0,0.0,0.0,0.0,0.0
251,OL12357861A,John Hunter William Shakespeare,,2.0,0.0,0.0,0.0,0.0,0.0,0.0,0.0,0.0,0.0,0.0,0.0,0.0
252,OL12215489A,Sparknotes Editors William Shakespeare,,2.0,0.0,0.0,0.0,0.0,0.0,0.0,0.0,0.0,0.0,0.0,0.0,0.0
253,OL12521716A,WILLIAM SHAKESPEARE JOHN ARTHOS,,2.0,0.0,0.0,0.0,0.0,0.0,0.0,0.0,0.0,0.0,0.0,0.0,0.0
254,OL12183781A,Ralph E.C.Houghton William Shakespeare,,2.0,0.0,0.0,0.0,0.0,0.0,0.0,0.0,0.0,0.0,0.0,0.0,0.0
255,OL12184421A,Charles James William Shakespeare,,2.0,0.0,0.0,0.0,0.0,0.0,0.0,0.0,0.0,0.0,0.0,0.0,0.0
256,OL12249736A,William Shakespeare Cal Williams,,2.0,0.0,0.0,0.0,0.0,0.0,0.0,0.0,0.0,0.0,0.0,0.0,0.0
257,OL12239722A,Charles Knight William Shakespeare,,2.0,0.0,0.0,0.0,0.0,0.0,0.0,0.0,0.0,0.0,0.0,0.0,0.0
258,OL8653247A,HILDEGARD FEIST/WILLIAM SHAKESPEARE,,2.0,0.0,0.0,0.0,0.0,0.0,0.0,0.0,0.0,0.0,0.0,0.0,0.0
259,OL11534742A,Tucker Brooke William Shakespeare,,2.0,0.0,0.0,0.0,0.0,0.0,0.0,0.0,0.0,0.0,0.0,0.0,0.0
260,OL9863191A,William Shakespeare   [Cambridge ] Edition,,2.0,0.0,0.0,0.0,0.0,0.0,0.0,0.0,0.0,0.0,0.0,0.0,0.0
261,OL9876589A,John Fletcher William Shakespeare,,2.0,0.0,0.0,0.0,0.0,0.0,0.0,0.0,0.0,0.0,0.0,0.0,0.0
262,OL8426150A,Just William Shakespeare Books,,0.0,0.0,0.0,0.0,0.0,0.0,0.0,0.0,0.0,0.0,0.0,0.0,0.0
263,OL13983668A,"William Shakespeare,Morton Luce",,0.0,0.0,0.0,0.0,0.0,0.0,0.0,0.0,0.0,0.0,0.0,0.0,0.0
264,OL14182936A,Arthur Laurents William Shakespeare,,0.0,0.0,2.047372,0.0,0.0,0.0,0.0,0.0,0.0,0.0,0.0,0.0,0.0
265,OL13825302A,"William Shakespeare,Tucker Brooke",,0.0,0.0,0.0,0.0,0.0,0.0,0.0,0.0,0.0,0.0,0.0,0.0,0.0
266,OL13824249A,"William Shakespeare,Arthur Symons",,0.0,0.0,0.0,0.0,0.0,0.0,0.0,0.0,0.0,0.0,0.0,0.0,0.0
267,OL13824253A,"William Shakespeare,Charles Praetorius",,0.0,0.0,0.0,0.0,0.0,0.0,0.0,0.0,0.0,0.0,0.0,0.0,0.0
268,OL13824368A,"Charles Knight,William Shakespeare",,0.0,0.0,0.0,0.0,0.0,0.0,0.0,0.0,0.0,0.0,0.0,0.0,0.0
269,OL14482561A,William Shakespeare Kyrle Bellew,,0.0,0.0,2.047372,0.0,0.0,0.0,0.0,0.0,0.0,0.0,0.0,0.0,0.0
270,OL14420400A,Thomas Kyd William Shakespeare,,0.0,0.0,2.047372,0.0,0.0,0.0,0.0,0.0,0.0,0.0,0.0,0.0,0.0
271,OL14592463A,John Milton William Shakespeare,,0.0,0.0,2.047372,0.0,0.0,0.0,0.0,0.0,0.0,0.0,0.0,0.0,0.0
272,OL14605434A,Charles Lamb William Shakespeare,,0.0,0.0,2.047372,0.0,0.0,0.0,0.0,0.0,0.0,0.0,0.0,0.0,0.0
273,OL9939521A,Sibel Huseyinca Onmus William Shakespeare,,6.0,0.0,0.0,0.0,0.0,0.0,0.0,0.0,0.0,0.0,0.0,0.0,0.0
274,OL12464448A,Henry Viii by William Shakespeare Henry VIII by William Shakespeare,,2.0,0.0,0.0,0.0,0.0,0.0,0.0,0.0,0.0,0.0,0.0,0.0,0.0
275,OL11571949A,William; William Shakespeare (Author); Shakespeare,,2.0,0.0,0.0,0.0,0.0,0.0,0.0,0.0,0.0,0.0,0.0,0.0,0.0
276,OL9939524A,Esin Ciftci Birincibubar William Shakespeare,,4.0,0.0,0.0,0.0,0.0,0.0,0.0,0.0,0.0,0.0,0.0,0.0,0.0
277,OL13541499A,William Shakespeare 1837-1907 Hays,,3.0,0.0,0.0,0.0,0.0,0.0,0.0,0.0,0.0,0.0,0.0,0.0,0.0
278,OL12338001A,Allan Park Paton William Shakespeare,,3.0,0.0,0.0,0.0,0.0,0.0,0.0,0.0,0.0,0.0,0.0,0.0,0.0
279,OL11308309A,Y. William Y William Shakespeare,,2.0,0.0,0.0,0.0,0.0,0.0,0.0,0.0,0.0,0.0,0.0,0.0,0.0
280,OL11501285A,William Allan Neilson William Shakespeare,,2.0,0.0,0.0,0.0,0.0,0.0,0.0,0.0,0.0,0.0,0.0,0.0,0.0
281,OL11450952A,ills William Shakespeare; Oliver Messel,,2.0,0.0,0.0,0.0,0.0,0.0,0.0,0.0,0.0,0.0,0.0,0.0,0.0
282,OL11426891A,WILLIAM SHAKESPEARE JOHN BARRINGTON WAIN,,2.0,0.0,0.0,0.0,0.0,0.0,0.0,0.0,0.0,0.0,0.0,0.0,0.0
283,OL11428042A,Logan Pearsall Smith William Shakespeare,,2.0,0.0,0.0,0.0,0.0,0.0,0.0,0.0,0.0,0.0,0.0,0.0,0.0
284,OL11439706A,Peter Ure (Ed) William Shakespeare,,2.0,0.0,0.0,0.0,0.0,0.0,0.0,0.0,0.0,0.0,0.0,0.0,0.0
285,OL10827316A,T W Smith (William Shakespeare),,2.0,0.0,0.0,0.0,0.0,0.0,0.0,0.0,0.0,0.0,0.0,0.0,0.0
286,OL13597480A,WILLIAM SHAKESPEARE GEORGE BAGSHAWE HARRISON,,2.0,0.0,0.0,0.0,0.0,0.0,0.0,0.0,0.0,0.0,0.0,0.0,0.0
287,OL13597982A,David Lloyd Stevenson William Shakespeare,,2.0,0.0,0.0,0.0,0.0,0.0,0.0,0.0,0.0,0.0,0.0,0.0,0.0
288,OL11962181A,William Shakespeare Laurence David Lerner,,2.0,0.0,0.0,0.0,0.0,0.0,0.0,0.0,0.0,0.0,0.0,0.0,0.0
289,OL12792718A,Louis B. Wright & William Shakespeare,,2.0,0.0,0.0,0.0,0.0,0.0,0.0,0.0,0.0,0.0,0.0,0.0,0.0
290,OL12798489A,William Shakespeare George Wilson Knight,,2.0,0.0,0.0,0.0,0.0,0.0,0.0,0.0,0.0,0.0,0.0,0.0,0.0
291,OL12218580A,William Shakespeare ; Horace Howard Furness,,2.0,0.0,0.0,0.0,0.0,0.0,0.0,0.0,0.0,0.0,0.0,0.0,0.0
292,OL13593637A,O. J. Stevenson William Shakespeare,,2.0,0.0,0.0,0.0,0.0,0.0,0.0,0.0,0.0,0.0,0.0,0.0,0.0
293,OL13503469A,William Shakespeare W. G. Clark,,2.0,0.0,0.0,0.0,0.0,0.0,0.0,0.0,0.0,0.0,0.0,0.0,0.0
294,OL13089699A,CHARLES JASPER SISSON WILLIAM SHAKESPEARE,,2.0,0.0,0.0,0.0,0.0,0.0,0.0,0.0,0.0,0.0,0.0,0.0,0.0
295,OL12768922A,William Shakespeare R. Vaughan Williams,,2.0,0.0,0.0,0.0,0.0,0.0,0.0,0.0,0.0,0.0,0.0,0.0,0.0
296,OL12500652A,G. K. Hunter & William Shakespeare,,2.0,0.0,0.0,0.0,0.0,0.0,0.0,0.0,0.0,0.0,0.0,0.0,0.0
297,OL11548495A,William Shakespeare & G B Harrison,,2.0,0.0,0.0,0.0,0.0,0.0,0.0,0.0,0.0,0.0,0.0,0.0,0.0
298,OL11557792A,Wilbur Lucius Cross William Shakespeare,,2.0,0.0,0.0,0.0,0.0,0.0,0.0,0.0,0.0,0.0,0.0,0.0,0.0
299,OL11596252A,See Editorial Dept William Shakespeare,,2.0,0.0,0.0,0.0,0.0,0.0,0.0,0.0,0.0,0.0,0.0,0.0,0.0
300,OL12250373A,Michel Croce Spinelli William Shakespeare,,2.0,0.0,0.0,0.0,0.0,0.0,0.0,0.0,0.0,0.0,0.0,0.0,0.0
301,OL12223664A,William Shakespeare Harley Granville Barker,,2.0,0.0,0.0,0.0,0.0,0.0,0.0,0.0,0.0,0.0,0.0,0.0,0.0
302,OL12371810A,1564-1616 After William Shakespeare,,2.0,0.0,0.0,0.0,0.0,0.0,0.0,0.0,0.0,0.0,0.0,0.0,0.0
303,OL12521623A,Horace Howard Furness William Shakespeare,,2.0,0.0,0.0,0.0,0.0,0.0,0.0,0.0,0.0,0.0,0.0,0.0,0.0
304,OL12197253A,William Shakespeare Alexander Frederick Falconer,,2.0,0.0,0.0,0.0,0.0,0.0,0.0,0.0,0.0,0.0,0.0,0.0,0.0
305,OL12291430A,C. H. Herford william shakespeare,,2.0,0.0,0.0,0.0,0.0,0.0,0.0,0.0,0.0,0.0,0.0,0.0,0.0
306,OL12237708A,Ralph M. Sargent William Shakespeare,,2.0,0.0,0.0,0.0,0.0,0.0,0.0,0.0,0.0,0.0,0.0,0.0,0.0
307,OL12257366A,William Shakespeare; J. Dover Wilson,,2.0,0.0,0.0,0.0,0.0,0.0,0.0,0.0,0.0,0.0,0.0,0.0,0.0
308,OL11774792A,William Shakespeare(Auth Newlin(Editor),,2.0,0.0,0.0,0.0,0.0,0.0,0.0,0.0,0.0,0.0,0.0,0.0,0.0
309,OL11599929A,Ed G.B. Harrison William Shakespeare,,2.0,0.0,0.0,0.0,0.0,0.0,0.0,0.0,0.0,0.0,0.0,0.0,0.0
310,OL2384851A,William Shakespear Childe-Pemberton,"['Politics and government', '1837-1901', 'Great Britain', 'Elizabeth Blount', 'C. B. Adderley 1st Baron Norton (1814-1905)', 'Social life and customs', 'Mary Bode Baroness de', 'History', 'Henry the Eighth', 'Henry VIII King of England (1491-1547)']",54.0,0.0,0.0,0.0,0.0,0.0,0.0,0.0,0.0,0.0,0.0,0.0,0.0
311,OL14206237A,"William Shakespeare,William James Rolfe",,0.0,0.0,2.047372,0.0,0.0,0.0,0.0,0.0,0.0,0.0,0.0,0.0,0.0
312,OL14422263A,by William by William Shakespeare,,0.0,0.0,2.047372,0.0,0.0,0.0,0.0,0.0,0.0,0.0,0.0,0.0,0.0
313,OL13677599A,F. W. MOORMAN' 'WILLIAM SHAKESPEARE,,0.0,0.0,0.0,0.0,0.0,0.0,0.0,0.0,0.0,0.0,0.0,0.0,0.0
314,OL8394170A,Logan Ury,['Sociology'],9.0,0.0,0.0,0.0,0.0,0.0,0.0,0.0,0.0,0.0,0.0,0.0,0.0
315,OL145170A,Emil Cioran,"['Philosophy', 'Philosophy, modern', '20th century', 'Life', 'Theological anthropology', 'Philosophy, french', 'Paul Valéry (1871-1945)', 'Modern Philosophy', 'Literature', 'History']",283.0,0.0,0.0,0.0,0.0,0.0,0.0,0.0,0.0,0.0,0.0,0.0,0.0
316,OL9147645A,Emil Cioran,"['Romania, history']",63.0,0.0,0.0,0.0,0.0,0.0,0.0,0.0,0.0,0.0,0.0,0.0,0.0
317,OL8720589A,"Romania) Colloque international ""Emil Cioran"" (18th 2013 Sibiu","['E. M. Cioran (1911-1995)', 'Criticism and interpretation', 'Congresses']",2.0,0.0,0.0,0.0,0.0,0.0,0.0,0.0,0.0,0.0,0.0,0.0,0.0
318,OL8032691A,E. M. Cioran,"['Philosophy, modern', 'Philosophy', 'Life', 'Human beings', 'Literature']",17.0,0.0,2.047372,0.0,0.0,0.0,0.0,0.0,0.0,4.0,0.0,0.0,4.0
319,OL9913219A,Emil Michel Cioran Haldun Bayrý,,2.0,0.0,0.0,0.0,0.0,0.0,0.0,0.0,0.0,0.0,0.0,0.0,0.0
320,OL12518240A,Aleksandr Solzhenitsyn,"['Soviet union, fiction', 'Fiction, war & military', 'Continental european fiction (fictional works by one author)']",9.0,0.0,0.0,0.0,0.0,0.0,0.0,0.0,0.0,0.0,0.0,0.0,0.0
321,OL12771402A,aleksandr solzhenitsyn,,2.0,0.0,0.0,0.0,0.0,0.0,0.0,0.0,0.0,0.0,0.0,0.0,0.0
322,OL11410563A,Alexander I. [ Aleksandr Solzhenitsyn,,0.0,0.0,0.0,0.0,0.0,0.0,0.0,0.0,0.0,0.0,0.0,0.0,0.0
323,OL222507A,Александр Исаевич Солженицын,"['Soviet Union', 'Aleksandr Isaevich Solzhenit︠s︡yn (1918-2008)', 'Fiction', 'Politics and government', 'History', 'Russia', 'Continental european fiction (fictional works by one author)', '20th century', 'Russian Authors', 'Foreign relations']",312.0,4.470588,4.011646,34.0,0.0,2.0,1.0,10.0,21.0,491.0,61.0,19.0,571.0
324,OL13418384A,Aleksandr Isaevich Solzhenit͡syn,"['Soviet Union', 'Politics and government', 'Social conditions', 'Political prisoners', '1945-', 'Vladimir Ilʹich Lenin (1870-1924)', 'United States', 'Socialism', 'Perestroĭka', 'Modern Civilization']",30.0,0.0,0.0,0.0,0.0,0.0,0.0,0.0,0.0,0.0,0.0,0.0,0.0
325,OL10720346A,Aleksandr I. Solzhenitsyn,,13.0,0.0,0.0,0.0,0.0,0.0,0.0,0.0,0.0,0.0,0.0,0.0,0.0
326,OL11464132A,Aleksandr Isaevich Solzhenitsyn,,9.0,0.0,0.0,0.0,0.0,0.0,0.0,0.0,0.0,0.0,0.0,0.0,0.0
327,OL13269151A,Aleksandr Isaevich Solzhenit︠s︡yn,"['Soviet Union', 'Politics and government', 'Russia (Federation)', 'Modern Civilization', 'Mikhail Aleksandrovich Sholokhov (1905-1984)', 'Jews', 'Foreign relations', 'Fedor Kri͡ukov', 'Ethnic relations', 'Criticism and interpretation']",4.0,0.0,0.0,0.0,0.0,0.0,0.0,0.0,0.0,0.0,0.0,0.0,0.0
328,OL12508433A,Aleksandr I. SOLZHENITSYN,,2.0,0.0,0.0,0.0,0.0,0.0,0.0,0.0,0.0,0.0,0.0,0.0,0.0
329,OL12526227A,Aleksandr Isaevich Solzhenitsyn,,2.0,0.0,0.0,0.0,0.0,0.0,0.0,0.0,0.0,0.0,0.0,0.0,0.0
330,OL12701951A,Aleksandr Isaevich (1918- ) Solzhenitsyn,,3.0,0.0,0.0,0.0,0.0,0.0,0.0,0.0,0.0,0.0,0.0,0.0,0.0
331,OL13249092A,"Solzhenitsyn, Aleksandr (H.T. Willetts, Trans)",,2.0,0.0,0.0,0.0,0.0,0.0,0.0,0.0,0.0,0.0,0.0,0.0,0.0
332,OL11536306A,Aleksandr Isaevich Solzhenit͡s︡yn,,0.0,0.0,0.0,0.0,0.0,0.0,0.0,0.0,0.0,0.0,0.0,0.0,0.0
333,OL14160914A,Aleksandr Isaevich Solzheni͡tsyn,,0.0,0.0,2.047372,0.0,0.0,0.0,0.0,0.0,0.0,0.0,0.0,0.0,0.0
334,OL6830378A,Jean-Paul Sarte,"['General', 'Drama']",10.0,0.0,0.0,0.0,0.0,0.0,0.0,0.0,0.0,0.0,0.0,0.0,0.0
335,OL11585404A,Jean-Paul ` Sarte,,2.0,0.0,0.0,0.0,0.0,0.0,0.0,0.0,0.0,0.0,0.0,0.0,0.0
336,OL3114160A,Jean Paul Sarte,,2.0,0.0,0.0,0.0,0.0,0.0,0.0,0.0,0.0,0.0,0.0,0.0,0.0
337,OL5865111A,Jean-Paul SARTE,,2.0,0.0,0.0,0.0,0.0,0.0,0.0,0.0,0.0,0.0,0.0,0.0,0.0
338,OL12899692A,"Baudelaire. Presente par Jean-Paul Sarte, Claude Pichois, editor",,2.0,0.0,0.0,0.0,0.0,0.0,0.0,0.0,0.0,0.0,0.0,0.0,0.0
339,OL12213508A,"Pucciani, Oreste F. Ed. Cocteau, Jean; Giraudoux, Jean; Anouilh, Jean; Montherlant, Henry; Camus Albert; Sarte, Jean Paul",,0.0,0.0,0.0,0.0,0.0,0.0,0.0,0.0,0.0,0.0,0.0,0.0,0.0
340,OL233017A,Søren Kierkegaard,"['Philosophy', 'Christianity', 'Søren Kierkegaard (1813-1855)', 'Religion', 'Spiritual life', 'Kierkegaard, soren, 1813-1855', 'Christian life', '19th century', 'Sin', 'Collected works']",1068.0,3.9285715,3.448329,28.0,2.0,0.0,6.0,10.0,10.0,562.0,63.0,35.0,660.0
341,OL9902333A,"N. Ekrem Duzen, Erkan Uzun, Erkil Ozkýyacý, Soren Kierkegaard, Nadir Cakýr",,2.0,0.0,0.0,0.0,0.0,0.0,0.0,0.0,0.0,0.0,0.0,0.0,0.0
342,OL3823633A,"Revision by Gorrissen Federspiel Kierkegaard, Law Firm, of Copenhagen. Jan Erlund and Søren Fogh, attorneys.",,2.0,0.0,0.0,0.0,0.0,0.0,0.0,0.0,0.0,0.0,0.0,0.0,0.0
343,OL18074A,Immanuel Kant,"['Philosophy', 'Ethics', 'Theory of Knowledge', 'Reason', 'Early works to 1800', 'Metaphysics', 'Causation', 'Immanuel Kant (1724-1804)', 'Aesthetics', 'Judgment (Logic)']",1838.0,3.9629629,3.5213714,27.0,0.0,1.0,7.0,11.0,8.0,626.0,57.0,37.0,720.0
344,OL12992444A,Immanuel Kant,"['Philosophy, modern', 'Philosophy and religion', 'Philosophy', 'Metaphysics', 'Logic', 'Ethics', 'Aesthetics']",265.0,0.0,0.0,0.0,0.0,0.0,0.0,0.0,0.0,0.0,0.0,0.0,0.0
345,OL13245565A,Immanuel KANT,,4.0,0.0,0.0,0.0,0.0,0.0,0.0,0.0,0.0,0.0,0.0,0.0,0.0
346,OL13022481A,Immanuel Immanuel Kant,,2.0,0.0,0.0,0.0,0.0,0.0,0.0,0.0,0.0,0.0,0.0,0.0,0.0
347,OL9899861A,Immanuel Kant;Celal Yesilcayir,,2.0,0.0,0.0,0.0,0.0,0.0,0.0,0.0,0.0,0.0,0.0,0.0,0.0
348,OL12491180A,"Robert M., Ed. Hutchins, Immanuel Kant",,2.0,0.0,0.0,0.0,0.0,0.0,0.0,0.0,0.0,0.0,0.0,0.0,0.0
349,OL12210806A,Immanuel Kant (Autnor); Lewis White Beck (Translated & Introduced by),,2.0,0.0,0.0,0.0,0.0,0.0,0.0,0.0,0.0,0.0,0.0,0.0,0.0
350,OL12779930A,"John Locke, Thomas Jefferson, James Madison, David Hume, Immanuel Kant, Mary Wolstonecraft",,2.0,0.0,0.0,0.0,0.0,0.0,0.0,0.0,0.0,0.0,0.0,0.0,0.0
351,OL9952998A,"Immanuel Kant, Gertrude Durusoy, Abdullah Kaygý, Ioanna Kucuradi, Harun Tepe, Yusuf Ornek",,2.0,0.0,0.0,0.0,0.0,0.0,0.0,0.0,0.0,0.0,0.0,0.0,0.0
352,OL759806A,"Convegno internazionale per il II centenario della Critica del giudizio di Immanuel Kant (1990 Macerata, Italy).","['Teleology', 'Judgment (Logic)', 'Immanuel Kant (1724-1804)', 'Congresses', 'Aesthetics']",3.0,0.0,0.0,0.0,0.0,0.0,0.0,0.0,0.0,0.0,0.0,0.0,0.0
353,OL12769886A,"Ernst Cassirer, Johann Wolfgang von Goethe, James Gutmann, Immanuel Kant, Paul Oskar Kristeller, John Herman Randall, Jean Jacques Rousseau",,2.0,0.0,0.0,0.0,0.0,0.0,0.0,0.0,0.0,0.0,0.0,0.0,0.0
354,OL13552782A,Immanuel 1724-1804 Kant,,12.0,0.0,0.0,0.0,0.0,0.0,0.0,0.0,0.0,0.0,0.0,0.0,0.0
355,OL13574608A,Kant Immanuel,,2.0,0.0,0.0,0.0,0.0,0.0,0.0,0.0,0.0,0.0,0.0,0.0,0.0
356,OL9345233A,Immanuel Benno Kant Erdmann,"['Philosophy, modern, 18th century', 'Philosophy, german']",2.0,0.0,0.0,0.0,0.0,0.0,0.0,0.0,0.0,0.0,0.0,0.0,0.0
357,OL12901320A,"Kant, Immanuel; Meredith, James Creed",,2.0,0.0,0.0,0.0,0.0,0.0,0.0,0.0,0.0,0.0,0.0,0.0,0.0
358,OL11525118A,Immanuel; Raymond B. Blakney (ed.) Kant,,2.0,0.0,0.0,0.0,0.0,0.0,0.0,0.0,0.0,0.0,0.0,0.0,0.0
359,OL11572468A,Editor) KANT Immanuel (Carl J. Friedrich,,2.0,0.0,0.0,0.0,0.0,0.0,0.0,0.0,0.0,0.0,0.0,0.0,0.0
360,OL13500071A,"Kant, Immanuel) Manthey-Zorn, Otto (trans/editor)",,2.0,0.0,0.0,0.0,0.0,0.0,0.0,0.0,0.0,0.0,0.0,0.0,0.0
361,OL12902791A,"KANT, IMMANUEL translated with analytical indexes by MEREDITH, JAMES CREED",,2.0,0.0,0.0,0.0,0.0,0.0,0.0,0.0,0.0,0.0,0.0,0.0,0.0
362,OL2964000A,Mark Manson,"['New York Times bestseller', 'Conduct of life', 'Self-realization', 'Psychology', 'nyt:combined-print-and-e-book-nonfiction=2021-11-28', 'nyt:advice-how-to-and-miscellaneous=2019-06-02', 'nyt:advice-how-to-and-miscellaneous=2016-10-02', 'Success', 'St. Petersburg (Russia)', 'Single men']",119.0,0.0,0.0,0.0,0.0,0.0,0.0,0.0,0.0,0.0,0.0,0.0,0.0
363,OL13502820A,Mark Manson,,2.0,0.0,0.0,0.0,0.0,0.0,0.0,0.0,0.0,0.0,0.0,0.0,0.0
364,OL13536588A,John Gottman,,2.0,0.0,0.0,0.0,0.0,0.0,0.0,0.0,0.0,0.0,0.0,0.0,0.0
365,OL238425A,John Mordechai Gottman,"['Marriage', 'Psychology', 'Married people', 'Communication in marriage', 'Man-woman relationships', 'Parenting', 'Emotions in children', 'Interpersonal Relations', 'Social interaction', 'Psychological aspects']",217.0,0.0,0.0,0.0,0.0,0.0,0.0,0.0,0.0,0.0,0.0,0.0,0.0
366,OL9899880A,Julie Schwartz Gottman John Gottman,,2.0,0.0,0.0,0.0,0.0,0.0,0.0,0.0,0.0,0.0,0.0,0.0,0.0
367,OL9913511A,"John Gottman, Nan Silver, Sinem Sultan Gul",,2.0,0.0,0.0,0.0,0.0,0.0,0.0,0.0,0.0,0.0,0.0,0.0,0.0
368,OL9091303A,"Julie Schwartz Gottman, John Gottman, Rachel Carlton Abrams, Doug Abrams",,2.0,0.0,0.0,0.0,0.0,0.0,0.0,0.0,0.0,0.0,0.0,0.0,0.0
369,OL9912935A,"John Gottman, Julie Schwartz Gottman, Doug Abrams, Rachel Carlton Abrams",,2.0,0.0,0.0,0.0,0.0,0.0,0.0,0.0,0.0,0.0,0.0,0.0,0.0
370,OL13520943A,John M. Gottman,,4.0,0.0,0.0,0.0,0.0,0.0,0.0,0.0,0.0,0.0,0.0,0.0,0.0
371,OL13516698A,John Schwartz Gottman,"['nyt:advice-how-to-and-miscellaneous=2024-02-18', 'Sociology', 'New York Times bestseller']",3.0,0.0,0.0,0.0,0.0,0.0,0.0,0.0,0.0,0.0,0.0,0.0,0.0
372,OL3624679A,John W Gottman,,2.0,0.0,0.0,0.0,0.0,0.0,0.0,0.0,0.0,0.0,0.0,0.0,0.0
373,OL13249508A,John & Julie Schwartz Gottman,"['marital stability and divorce prediction', 'Relationship']",2.0,0.0,0.0,0.0,0.0,0.0,0.0,0.0,0.0,0.0,0.0,0.0,0.0
374,OL124171A,Albert Camus,"['Albert Camus (1913-1960)', 'Fiction', '20th century', 'Literature', '19th century', 'selfhood', 'meaning of love', 'Mallard residence', 'Louise Mallard', 'Josephine']",452.0,3.9222221,3.8042505,270.0,7.0,16.0,57.0,101.0,89.0,3616.0,445.0,229.0,4290.0
375,OL13245164A,Albert Camus,"['Pq2605 .a3734 2006', 'French literature--20th century', 'French literature', '843/.914']",28.0,0.0,0.0,0.0,0.0,0.0,0.0,0.0,0.0,0.0,0.0,0.0,0.0
376,OL13500345A,ALBERT CAMUS,,8.0,0.0,0.0,0.0,0.0,0.0,0.0,0.0,0.0,0.0,0.0,0.0,0.0
377,OL13248362A,albert camus,,2.0,0.0,0.0,0.0,0.0,0.0,0.0,0.0,0.0,0.0,0.0,0.0,0.0
378,OL13682442A,Albert CAMUS,,0.0,0.0,0.0,0.0,0.0,0.0,0.0,0.0,0.0,0.0,0.0,0.0,0.0
379,OL11508022A,Winston Churchill Albert Camus,"['Winston Churchill Sir (1874-1965)', 'Prime ministers', 'Nobel Prizes', 'Historians', 'Great Britain', 'French Authors', 'Biography', 'Algerian Authors', 'Albert Camus (1913-1960)', '20th century']",8.0,0.0,0.0,0.0,0.0,0.0,0.0,0.0,0.0,0.0,0.0,0.0,0.0
380,OL5542883A,"Association ""Rencontres méditerranéennes Albert Camus."" Journée","['Congresses', 'Lourmarin (France)', 'Criticism and interpretation', 'Albert Camus (1913-1960)', 'Political and social views', 'In literature', 'History', 'Knowledge', 'Château de Lourmarin', 'Appreciation']",29.0,0.0,0.0,0.0,0.0,0.0,0.0,0.0,0.0,0.0,0.0,0.0,0.0
381,OL12987207A,Colloque international sur Albert Camus,"['Poitiers (France)', 'Criticism and interpretation', 'Congresses', 'Albert Camus (1913-1960)', 'Women in literature', 'Revolutions in literature', 'Religion in literature', 'Religion', 'Irony in literature', 'Humor in literature']",11.0,0.0,0.0,0.0,0.0,0.0,0.0,0.0,0.0,0.0,0.0,0.0,0.0
382,OL9931256A,Ayberk Erkay Albert Camus,,2.0,0.0,0.0,0.0,0.0,0.0,0.0,0.0,0.0,0.0,0.0,0.0,0.0
383,OL5821457A,Rencontres méditerranéennes Albert Camus (Association). Journée,,0.0,0.0,0.0,0.0,0.0,0.0,0.0,0.0,0.0,0.0,0.0,0.0,0.0
384,OL11758941A,France) Rencontres méditerranéennes Albert Camus (2014 Lourmarin,,0.0,0.0,0.0,0.0,0.0,0.0,0.0,0.0,0.0,0.0,0.0,0.0,0.0
385,OL11840115A,France) Rencontres méditerranéennes Albert Camus (2013 Lourmarin,,0.0,0.0,0.0,0.0,0.0,0.0,0.0,0.0,0.0,0.0,0.0,0.0,0.0
386,OL11763832A,France) Rencontres méditerranéennes Albert Camus (2015 Lourmarin,,0.0,0.0,0.0,0.0,0.0,0.0,0.0,0.0,0.0,0.0,0.0,0.0,0.0
387,OL11794515A,France) Rencontres méditerranéennes Albert Camus (2018 Lourmarin,,0.0,0.0,0.0,0.0,0.0,0.0,0.0,0.0,0.0,0.0,0.0,0.0,0.0
388,OL6615645A,"Rencontres méditerranéennes Albert Camus (2007 Lourmarin, France)",,0.0,0.0,0.0,0.0,0.0,0.0,0.0,0.0,0.0,0.0,0.0,0.0,0.0
389,OL8718739A,France) Rencontres méditerranéennes Albert Camus (2012 Lourmarin,,0.0,0.0,0.0,0.0,0.0,0.0,0.0,0.0,0.0,0.0,0.0,0.0,0.0
390,OL7063678A,"Rencontres méditerranéennes Albert Camus (2010 Lourmarin, France)",,0.0,0.0,0.0,0.0,0.0,0.0,0.0,0.0,0.0,0.0,0.0,0.0,0.0
391,OL7046401A,"Rencontres méditerranéennes Albert Camus (2009 Lourmarin, France)",,0.0,0.0,0.0,0.0,0.0,0.0,0.0,0.0,0.0,0.0,0.0,0.0,0.0
392,OL5539477A,"Rencontres mediterraneennes Albert Camus (21st 2004 Lourmarin, France)","['Spain', 'In literature', 'Criticism and interpretation', 'Congresses', 'Albert Camus (1913-1960)']",1.0,0.0,0.0,0.0,0.0,0.0,0.0,0.0,0.0,0.0,0.0,0.0,0.0
393,OL11984661A,France) Rencontres méditerranéennes Albert Camus (23rd 2006 Lourmarin,,0.0,0.0,0.0,0.0,0.0,0.0,0.0,0.0,0.0,0.0,0.0,0.0,0.0
394,OL6520415A,Rencontres méditerranéennes Albert Camus Château de Loumarin) (2004,,0.0,0.0,0.0,0.0,0.0,0.0,0.0,0.0,0.0,0.0,0.0,0.0,0.0
395,OL8685337A,Rencontres méditerranéennes Albert Camus (2008 Château de Lourmarin),,0.0,0.0,0.0,0.0,0.0,0.0,0.0,0.0,0.0,0.0,0.0,0.0,0.0
396,OL1499614A,"Colloque international sur Albert Camus (3rd 1999 Poitiers, France)",,0.0,0.0,0.0,0.0,0.0,0.0,0.0,0.0,0.0,0.0,0.0,0.0,0.0
397,OL5491350A,"Colloque international sur Albert Camus (6th 2005 Poitiers, France)",,0.0,0.0,0.0,0.0,0.0,0.0,0.0,0.0,0.0,0.0,0.0,0.0,0.0
398,OL5583679A,"Colloque international sur Albert Camus (5th 2003 Poitiers, France)",,0.0,0.0,0.0,0.0,0.0,0.0,0.0,0.0,0.0,0.0,0.0,0.0,0.0
399,OL6727097A,"Colloque international sur Albert Camus (7th 2007 Poitiers, France)",,0.0,0.0,0.0,0.0,0.0,0.0,0.0,0.0,0.0,0.0,0.0,0.0,0.0
400,OL7050401A,"Colloque international sur Albert Camus (8th 2009 Poitiers, France)",,0.0,0.0,0.0,0.0,0.0,0.0,0.0,0.0,0.0,0.0,0.0,0.0,0.0
401,OL12799626A,Adele [Camus Albert] King,,3.0,0.0,0.0,0.0,0.0,0.0,0.0,0.0,0.0,0.0,0.0,0.0,0.0
402,OL14492656A,Camus Albert,,0.0,0.0,2.047372,0.0,0.0,0.0,0.0,0.0,0.0,0.0,0.0,0.0,0.0
403,OL13641774A,Albert 1913-1960 Camus,,2.0,0.0,0.0,0.0,0.0,0.0,0.0,0.0,0.0,0.0,0.0,0.0,0.0
404,OL13681906A,Albert; Stuart Gilbert (transl.) Camus,,0.0,0.0,0.0,0.0,0.0,0.0,0.0,0.0,0.0,0.0,0.0,0.0,0.0
405,OL12213508A,"Pucciani, Oreste F. Ed. Cocteau, Jean; Giraudoux, Jean; Anouilh, Jean; Montherlant, Henry; Camus Albert; Sarte, Jean Paul",,0.0,0.0,0.0,0.0,0.0,0.0,0.0,0.0,0.0,0.0,0.0,0.0,0.0
406,OL26320A,J.R.R. Tolkien,"['Middle Earth (Imaginary place)', 'Middle earth (imaginary place), fiction', 'British and irish fiction (fictional works by one author)', 'Fiction, fantasy, general', 'Fiction', 'English Fantasy fiction', 'History and criticism', 'Tolkien, j, r. r. (john ronald ruel), 1892-1973', 'Fiction, fantasy, epic', 'English literature']",314.0,4.282923,4.23601,1382.0,29.0,49.0,162.0,404.0,738.0,8335.0,2203.0,569.0,11107.0
407,OL14460018A,J. R. R. J.R.R. Tolkien,,0.0,0.0,2.047372,0.0,0.0,0.0,0.0,0.0,0.0,0.0,0.0,0.0,0.0
408,OL12498774A,"Wheeler, R.E.M. And Wheeler, T.V. (Tolkien, J.R.R., Essay By)",,2.0,0.0,0.0,0.0,0.0,0.0,0.0,0.0,0.0,0.0,0.0,0.0,0.0
409,OL31574A,C.S. Lewis,"['Lewis, c. s. (clive staples), 1898-1963', ""Children's fiction"", 'Fantasy fiction', 'Christianity', 'Narnia (imaginary place), fiction', 'Christian life', 'Good and evil', 'C. S. Lewis (1898-1963)', 'Narnia (Imaginary place)', 'Juvenile fiction']",2619.0,4.0152583,3.9516754,852.0,23.0,42.0,171.0,279.0,337.0,6256.0,1615.0,387.0,8258.0
410,OL12986590A,C.S. Lewis,,12.0,0.0,0.0,0.0,0.0,0.0,0.0,0.0,0.0,0.0,0.0,0.0,0.0
411,OL11467724A,C.S Lewis,,4.0,0.0,0.0,0.0,0.0,0.0,0.0,0.0,0.0,0.0,0.0,0.0,0.0
412,OL13497172A,C.S. LEWIS,,2.0,0.0,0.0,0.0,0.0,0.0,0.0,0.0,0.0,0.0,0.0,0.0,0.0
413,OL12778564A,C.s. Lewis,,2.0,0.0,0.0,0.0,0.0,0.0,0.0,0.0,0.0,0.0,0.0,0.0,0.0
414,OL11598833A,C.S LEWIS,,2.0,0.0,0.0,0.0,0.0,0.0,0.0,0.0,0.0,0.0,0.0,0.0,0.0
415,OL11526173A,C.s Lewis,,2.0,0.0,0.0,0.0,0.0,0.0,0.0,0.0,0.0,0.0,0.0,0.0,0.0
416,OL13016042A,C. S. C.S. Lewis,,2.0,0.0,0.0,0.0,0.0,0.0,0.0,0.0,0.0,0.0,0.0,0.0,0.0
417,OL11466465A,E.M.W. Tillyard and C.S. Lewis,,2.0,0.0,0.0,0.0,0.0,0.0,0.0,0.0,0.0,0.0,0.0,0.0,0.0
418,OL11601472A,C.S. Lewis - Contributes An Essay -,,2.0,0.0,0.0,0.0,0.0,0.0,0.0,0.0,0.0,0.0,0.0,0.0,0.0
419,OL2896965A,J. Oswald Sanders C.S. Lewis,['Christian life'],1.0,0.0,0.0,0.0,0.0,0.0,0.0,0.0,0.0,0.0,0.0,0.0,0.0
420,OL11251842A,Clive Staples Clive Staples or C.S. Lewis,,2.0,0.0,0.0,0.0,0.0,0.0,0.0,0.0,0.0,0.0,0.0,0.0,0.0
421,OL12495518A,C.S. Lewis | C. S. &#xB8E8;&#xC774;&#xC2A4;,,2.0,0.0,0.0,0.0,0.0,0.0,0.0,0.0,0.0,0.0,0.0,0.0,0.0
422,OL11489024A,LEWIS C.S.,,6.0,0.0,0.0,0.0,0.0,0.0,0.0,0.0,0.0,0.0,0.0,0.0,0.0
423,OL13211749A,Lewis C.S.,,2.0,0.0,0.0,0.0,0.0,0.0,0.0,0.0,0.0,0.0,0.0,0.0,0.0
424,OL9219678A,"Lewis,C.S.",,2.0,0.0,0.0,0.0,0.0,0.0,0.0,0.0,0.0,0.0,0.0,0.0,0.0
425,OL12514322A,"Lewis (Ed.) Forester,C.S. & Gannett",,2.0,0.0,0.0,0.0,0.0,0.0,0.0,0.0,0.0,0.0,0.0,0.0,0.0
